Asin,title,description,"product Url",price,quantity,created_at
B0855V2PTC,"Rev-A-Shelf 5WB2-1222CR-1 12 x 22 Inch 2-Tier Wire Basket Pull Out Shelf Storage for Kitchen Base Cabinet Organization, Chrome","EASY ACCESS TO KITCHEN ACCESSORIES: Maximize the space in your cabinets while accessing pots, pans, lids, bottles, stand mixers, and other kitchen accessories with this 2-tier sliding basket kitchen storage organizer DURABLE AND SMOOTH: Slides smoothly on a full-extension ball-bearing system and heavy gauge wire construction is strong enough to hold up to 100 pounds EASY INSTALLATION: Only needs simple installation to your cabinet bottom, side, and rear for total stability. DIMENSIONS (W x D x H): 11.75""W x 22""D x 19""H; designed to fit most 15-inch cabinets with an 11.5-inch opening; minimum cabinet opening for face frame: 11.5 inches; minimum cabinet opening for frameless: 11.75 inches WHAT'S INCLUDED: 1 top basket, 1 bottom basket, 2 U-shape supports, 2 rear mounting brackets, mounting hardware; optional cabinet door mount kit is not included (5WB-DMKIT)",https://www.amazon.com/Rev-Shelf-5WB2-1222CR-1-Two-Tier-Organization/dp/B0855V2PTC?crid=M5LHMISSZUGL&keywords=kitchen%2Borganization&qid=1648497601&sprefix=kitchen%2Borganization%2Caps%2C1098&sr=8-86&th=1&linkCode=ll1&tag=lisaschoice0e-20&linkId=0b9d170101fbec0e78d50419112a7dd4&language=en_US&ref_=as_li_ss_tl,104.99,0,"28/03/22, 20:00:55"
B07PHKN152,"Mr IRONSTONE Vintage Kitchen Baker's Rack Utility Storage Shelf 35.5"" Microwave Stand 3-Tier+4-Tier Shelf for Spice Rack Organizer Workstation with 10 Hooks","3-Tier+4-Tier Kitchen Shelf & Ample Storage: size (35.5"" W *15.75"" D *52""H), the kitchen utility shelf has massive space. The sturdy top panel can hold a microwave oven and other kitchen appliances. The 3-Tier+4-Tier shelf can store toaster, spice, plate, dishes, and any other things you want. 10 hooks make it convenient to hang some cooking tools. Multipurpose Kitchen Shelf: Mr IRONSTONE kitchen storage shelf protects your health and safety. It is a great choice to be your kitchen storage shelf, microwave stand, baker's rack, spice rack organizer, and kitchen island. Solid & Sturdy Construction: the kitchen storage standing is constructed by a high-quality P2 MDF vintage board and black metal frame. The metal frame offers a large weight capacity.“ X” style design provides more support and ensures stability and durability. Fast Assembly & Easy Cleaning: the utility rack table needs to be assembled by yourself. Tools and instructions that are needed are included in the package. It's easy to put it together with the detailed instructions. And with a wet cloth, you can wipe dirty stain easily from the smooth surface. What You Get: A kitchen baker's rack, adjustable feet, side hooks, easy-to-follow instructions, and a simple assembly process.",https://www.amazon.com/Mr-IRONSTONE-Microwave-Organizer-Workstation/dp/B07PHKN152?crid=M5LHMISSZUGL&keywords=kitchen+organization&qid=1648497601&sprefix=kitchen+organization%2Caps%2C1098&sr=8-103&linkCode=ll1&tag=lisaschoice0e-20&linkId=9118e0ad444db9485fe29a61cd23ad5e&language=en_US&ref_=as_li_ss_tl,105.99,0,"28/03/22, 20:01:37"
B08BR77RQQ,"Magnetic Lint Bin For Laundry Room | Farmhouse Retro Magnetic Lint Bin for Laundry Room Storage Decor - Lint Container Space Saving Washer and Dryer Trash Can Solution Wall Mount (Off-White)","ORGANIZATIONAL DECOR: This A.J.A. & MORE magnetic Lint Bin is a genius waste and space-saving solution, for decluttering and organizing your laundry room! Its sleek design is specially designed to collect and store dryer lint and other laundry room debris, such as dryer sheets and more. You will not find any other product like it! SPACE SAVER: This durable plastic lint bin has a super strong magnetic backing that can be directly attached to the side of your metal washing machine or dryer. Or, you can use its built-in keyhole hanger to easily mount it to the wall. Hardware not included. SLEEK DESIGN: Take your laundry room décor up a notch with the bin’s sleek, modern design. Its off-white color goes seamlessly with almost any color scheme. With the universal symbol of bow tie string on a finger ""don't forget to check"". The sign says it all! REPURPOSE YOUR LINT: Did you know that there are many things you can reuse dryer lint for? You can make clay out of it for the kids, make paper mache, line planters with it, add it to handmade paper, make fire starters, and use the natural fibers for mulch/compost. CLEAR THE WAY: This retro farmhouse lint bin replaces the need to keep a trash can on your laundry room floor or countertop. Use this space-saving, environmentally friendly waste solution instead. Overall size is 9.25"" wide x 9.25"" high x 2.75"" deep. Bin is 3mm thick, and magnetic backing is 6.25"" wide x 5.5"" long.",https://www.amazon.com/Holder-Laundry-J-Saving-Magnetic/dp/B08BR77RQQ?th=1&linkCode=ll1&tag=lisaschoice0e-20&linkId=22cbc94a9112a7ada763e09c2b47146c&language=en_US&ref_=as_li_ss_tl,23.99,0,"01/04/22, 15:17:34"
B082V218V9,"A.J.A. & MORE Pocket Treasures Bin Coin Holder for Laundry Room Organization Storage Space Saving - Sturdy Magnetic Quarter Holder Wall Mount (Light Grey)","KEEP THE CHANGE: Now there’s an easy way to collect all that loose change while doing laundry. The Pocket Treasures bin is a smart laundry room storage solution. It’s a magnetic holder for money, spare coins, and other valuables found in pockets. LAUNDRY ROOM ORGANIZER: Toys, receipts, tickets, keys, and other pocket findings now have their designated place. All lost and found stuff can be contained in one place - this 9.25” x 4.25” x 2.75” decorative container is more convenient than a bucket, pouch, or cup. SPACE SAVING DESIGN: Our hanging laundry room change holder features a strong magnetic strip for mounting to your washing machine or dryer, and a handy hole for mounting on the wall. Start organizing your laundry room with this modern tray while saving space. DELIGHTFUL DÉCOR: A.J.A. and More provides laundry room organizational solutions with sleek, stylish products that are functional and look fantastic with any type of décor. This coin collector complements our matching Lint Bin and Dry Sheet Dispenser (both sold separately). PREMIUM QUALITY: We have made our Pocket Treasures box like a jar from sturdy, lightweight ABS plastic, which is easy to clean and will stand the test of time. Order your laundry room organizer now with confidence.",https://www.amazon.com/J-MORE-Pocket-Treasures-Laundry/dp/B082V218V9?th=1&linkCode=ll1&tag=lisaschoice0e-20&linkId=cee8bd5a0364079b81fcdd273d293a52&language=en_US&ref_=as_li_ss_tl,19.99,0,"01/04/22, 15:18:00"
B09N8XS94Q,"Farmhouse Lost Socks Storage Funny Laundry Sign Wooden Storage Baskets Laundry Room Storage Missing Socks Laundry Decor Farmhouse Sock Basket for Laundry Room Wall Decor (11.02 x 3.54 x 3.54 Inch)","Your socks has a lovely new home: our farmhouse decor basket is combined with the interesting sign of the farmhouse laundry room, which combines the storage and decoration of the laundry room into one Dual function: the decoration of your laundry lost sock sign has a dual function-the logo of lost socks in the laundry room and the lovely laundry baskets are combined into one-the laundry room organizer Product information: this wall mount laundry basket is made of renewable paulownia wood, with a top size of 28 x 9 x 9 cm/ 11.02 x 3.54 x 3.54 inches (converted into inches), which is proper in size, can accommodate your individual socks, and is placed on the laundry rack or dryer Keep socks clean: this missing sock sign can be applied to place your lost socks, gloves or other things lost while waiting for the competition, and can better keep your lost socks and save a lot of space Interesting new style: highlight your rustic laundry decoration and arrange those pesky lost socks in this vintage wall mount basket; Our white wooden missing sock basket brings an interesting new style to any laundry decoration",https://www.amazon.com/Farmhouse-Storage-Laundry-Baskets-Missing/dp/B09N8XS94Q?crid=1DZ5K1MDASEJF&keywords=laundry%2Broom%2Borganization&qid=1648826296&sprefix=laundry%2Broom%2Caps%2C253&sr=8-1-spons&spLa=ZW5jcnlwdGVkUXVhbGlmaWVyPUExV0FVRUhEUk1ZTkRLJmVuY3J5cHRlZElkPUEwNjY1NDIyM0tWTVpZVEE4U1Q3RiZlbmNyeXB0ZWRBZElkPUEwOTEzMTIxWUVCMDY2RTBRS0hOJndpZGdldE5hbWU9c3BfYXRmJmFjdGlvbj1jbGlja1JlZGlyZWN0JmRvTm90TG9nQ2xpY2s9dHJ1ZQ&th=1&linkCode=ll1&tag=lisaschoice0e-20&linkId=fef263cd23eb7bd5f60a9b2cad733e96&l,22.99,0,"01/04/22, 15:18:42"
B091L66V5C,"Wall Mounted Clothes Hanger Rack, Retractable Clothes Drying Rack,Space-Saver, Laundry Drying Rack,Collapsible , for Laundry,Balcony, Mudroom, Bedroom,Dark Grey Color,sh-02","【DURABLE & STRONG】:This hanger is small and light but very strong and durable , Thickened base, withstand enough clothes, towels and socks to hang on.It can hold 18 hangers, it can hold up to 220 pounds of weight 【Wide Application】: Rack for use in bedrooms, bathrooms, closets, laundry room, and wardrobe.it’s perfect for small spaces, out-of-the-way corners. You can use them to hang jeans, shirts, pants, jackets, kids clothing, belts and etc 【High-quality Material - Gift Ideal】Matte Black finish, innovative design and classy looking.All space aluminum construction,ensuring durability and dependability,makes the item shiny, rustless and corrosion from daily use. Great gift idea for men, women, mom, home and family, Good choice for Christmas Day and New Year gift 【Excellent Design】This clothes rack can be installed with or without drilling,There are detailed instructions in the package,Just follow the steps and can be completed in 10 minutes.",https://www.amazon.com/BOQORAD-Mounted-Retractable-Space-Saver-Collapsible/dp/B091L66V5C?crid=1DZ5K1MDASEJF&keywords=laundry%2Broom%2Borganization&qid=1648826296&sprefix=laundry%2Broom%2Caps%2C253&sr=8-3&th=1&linkCode=ll1&tag=lisaschoice0e-20&linkId=b78ab6d090ad1e6b3d60b5aaaacef456&language=en_US&ref_=as_li_ss_tl,39.99,0,"01/04/22, 15:19:40"
B09LDF219K,"M.C.S. Modern Farmhouse Metal Laundry Bin, Dryer Sheet Holder Laundry Detergent Bin with Lid and Scoop for Laundry Room Decor, Space Saving Laundry Organization and Storage, Matte Black","MODERN LAUNDRY ROOM DECOR: With a Modern font printed on a farmhouse style tin metal storage container with a wooden handle lid providing modern farmhouse touch to your laundry room. The design of this laundry room organizer will bring a touch of farmhouse modern to any laundry room. MULTI-PURPOSE: This stylish modern laundry organizer bin can have many uses, you can store anything from your dryer sheets to detergent pods, dryer balls, clothes pins. The options are endless, you choose the functionality of your bin. BONUS SCOOP: Your laundry bin with come with a bonus scoop, that can be used for measuring your laundry detergent. No need to get an extra measuring spoon, when one is included. HIGH QUALITY: Our sturdy laundry bins will hold up against almost any use. The wooden handle lid is easy to remove, allowing easy access to your stored laundry products inside the bin. SATISFACTION GUARANTEED: We are highly confident in our products. If for any reason you are not satisfied with our storage tin, please let us know and we will help you with the issues you may have.",https://www.amazon.com/Farmhouse-Laundry-Detergent-Organization-Storage/dp/B09LDF219K?crid=1ETZVPYCNBGSH&keywords=laundry+room+organization+jars&qid=1648826417&sprefix=laundry+room+organization%2Caps%2C197&sr=8-1-spons&psc=1&spLa=ZW5jcnlwdGVkUXVhbGlmaWVyPUEyWjlaNks4MkpaR1ZLJmVuY3J5cHRlZElkPUEwMDE2NjQ5M0xZMkRWNTU0V1BFVCZlbmNyeXB0ZWRBZElkPUExMDE1ODkxM0ZYQzMyTzlBQVdDTSZ3aWRnZXROYW1lPXNwX2F0ZiZhY3Rpb249Y2xpY2tSZWRpcmVjdCZkb05vdExvZ0NsaWNrPXRydWU%3D&linkCode=ll1&tag=lisaschoice0e-20&linkId=ae33a65d68,28.99,0,"01/04/22, 15:20:48"
B09NQMW7CN,"VIDA Laverte Dryer Sheet Holder Laundry Room Organization Decor Dryer Sheet Dispenser with Magnetic Lint Bin Farmhouse Wooden Dryer Sheet Holder Container","There are physical and emotional benefits to living in a clean and well-organized space. Cleanliness and decluttering support productivity and emotional well-being. Start organizing your living space right away by sorting out your laundry room essentials, the basics of your personal and house hygiene.Who said a lint box can't look pretty? Or how about a tissue dispenser, laundry pod holder and soap dispenser, or a dryer sheets holder? It definitely wasn't us! Add unique and functional accessories to your laundry room to transform it into a beautiful and stylish area that looks just as pretty as the rest of your home!Our dryer sheets container (8 ""W x 5"" D x 3 ""H) provides an easy solution to store any loose laundry sheets, be it a dryer, fabric softener or detergent. Our high-quality containers will look elegant on any shelf or flat surface of your laundry room. The magnetic lint bin (""4"" 75W x 4"" D x 9 ""75H) can be used as storage for a variety of small laundry room items: wool dryer balls, fabric softener sheets, detergent sheets, detergent pods, unpaired socks, small items from your pockets. With its powerful magnetic backing and a keyhole on top, the lint container can be easily attached to your dryer, washing machine or even hung on a wall. Enjoy an extra working area or add any other accessories that will transform your laundry room into a bright, joyful and standout space.The dryer sheet storage and lint holder bin are both made of pine wood. The construction is simple, strong, and durable. This set works as a perfect, functional and stylish housewarming, Mother's Day or Family Day gift. A soft and comfortable farmhouse look will add a sense of warmth and joy to any laundry room style, from classic to modern to minimalistic, fitting perfectly into a closet space laundry or a large family laundry room. Fun and fresh gift idea that can't go wrong. Livens up any laundry room and adds a cozy and charming look to any design style.STAY ORGANIZED: Use lint bin to store dryer balls, detergent pods, unpaired socks, or small items from your pockets. KEEP YOUR LAUNDRY ROOM NEAT: Replace the basic boxes with stylish dryer sheet dispenser and lint holder. GET MORE FOR YOUR MONEY: Get a set of two items, a dryer sheet holder and magnetic lint bin at a single item price. CHOOSE NATURAL AND DURABLE MATERIALS: The dryer sheet container and lint bin are made of pine wood. Clean with a slightly damp cloth. 100% CUSTOMER SATISFACTION GUARANTEED: If the quality does not meet your standards, choose a replacement or refund.",https://www.amazon.com/VIDA-Laverte-Organization-Dispenser-Farmhouse/dp/B09NQMW7CN?crid=1ETZVPYCNBGSH&keywords=laundry+room+organization+jars&qid=1648826446&sprefix=laundry+room+organization%2Caps%2C197&sr=8-29-spons&psc=1&spLa=ZW5jcnlwdGVkUXVhbGlmaWVyPUEzN1NWR003TVczM1lCJmVuY3J5cHRlZElkPUEwMTExMDM2MVJQTTBTOE5WUDFXQSZlbmNyeXB0ZWRBZElkPUEwODg3Mzg1M0I0UUxCNDFCSFg5VSZ3aWRnZXROYW1lPXNwX210ZiZhY3Rpb249Y2xpY2tSZWRpcmVjdCZkb05vdExvZ0NsaWNrPXRydWU%3D&linkCode=ll1&tag=lisaschoice0e-20&linkId=95eaaf95e3f0,34.99,0,"01/04/22, 15:21:39"
B08XVZ9NNW,"Kids Toy Box Chest Storage with Flip-Top Lid - Collapsible Sturdy Toys Boxes Organizer Bins with Handles for Nursery,Playroom,Closet Home Organization(Black)","[Large Capacity Kids Toy Box]The size of the flip-top lid storage chest is 24.5 x 13 x 16 inches(62x33x40 cm),capacity more than 83 liters. [Detachable]Removable flip top lid keeps contents out of sight when closed and detaches with Velcro tab to be used as open top storage chest [Sturdy and Durable Materials]Made from premium non-woven fabric and thickened cardboard, this fabric storage bins comes with a sturdy handle on both the front and back side, made from breathable non-woven Fabric, allow for moving the decorative storage boxes heavy load. [Multi-purpose]Great for toy storage, books, magazines, clothes basket, towel basket, blankets, decorations, office supplies, decorative basket ideal for living room, bedroom, bathrooms, utility room, kids room, nursery room, closet, dorms, condos, laundry room even in the hallway, The toy chest adds a classy touch to the décor of any room making it ideal for use at home and nursery. [Foldable]All our products can be foldable and easy carrying.",https://www.amazon.com/Kids-Toy-Chest-Storage-Flip-Top/dp/B08XVZ9NNW?crid=2M4J0S479JUJC&keywords=kids+organization+and+storage+bedroom&qid=1648846899&sprefix=kids+organization%2Caps%2C173&sr=8-12&linkCode=ll1&tag=lisaschoice0e-20&linkId=fff167b432d1d6c8326429d238ce3be6&language=en_US&ref_=as_li_ss_tl,22.99,0,"01/04/22, 21:03:23"
B08SBT7VLM,"ULG Over Door Organizer with 4 Large Ultra Sturdy & Large Pockets Organizer, 22 lbs Capacity Hanging Storage Organizer with Clear Window for Bedroom Nursery, Baby Kids Toys, Shoes, Diapers, White","Unique Structure Design - Each pocket of this ULG over the door organizer is connected by 4 straps 5 cm wide. This unique structure prevents the over door storage from tilting forward when placing stuff and also keeps the pocket open. Came with a hard cardboard to flatten the bottom of each pocket to hold its shape. When you see neatly arranged things, your mood will naturally become beautiful！ PVC Visualization Window - The visible thick PVC material pocket on the front of this hanging bag storage bag allows you to see the contents of each pocket, clearly know the items placed on each layer, and get a clearer view when taking out the items. Better manage your belongings! When you are in a hurry to go out, this design will help you save more time! You will have more time to plan your trip. More Convenient to Carry - ULG over door organizer perfect for extra storage and organization. This transparent hanging bag is light and small, which is very suitable for travel and travel. Hang it in your RV to add more storage space and make your movable space more. Your mood will also be better because of a cleaner room, making for a better day! Easy to Assemble - 1x Over door storage, 4x Cardboard, and 2x Door Hanger are included. Very easy to set up and hang over the door. The width of the hook is 2 inches, which is suitable for most doors. Please make sure that the thickness of the door is equal to or less than 2 inches. Versatile - This door pocket is suitable for children's rooms, storage rooms, offices, laundry rooms, bedrooms, bathrooms, dormitories, etc. toys, diapers, wet wipes, baby towels, socks, etc. It is suitable for child’s room behind the door, or bedroom to store cosmetics, hair dryers, kettles, curling irons. With this organizer bag, your home will become tidier and the quality of life will become higher.",https://www.amazon.com/Hanging-Organizer-Transparent-ULG-Organization/dp/B08SBT7VLM?crid=2M4J0S479JUJC&keywords=kids+organization+and+storage+bedroom&qid=1648846983&sprefix=kids+organization%2Caps%2C173&sr=8-9&linkCode=ll1&tag=lisaschoice0e-20&linkId=53518da47dbea1f2b3122b3b752497a9&language=en_US&ref_=as_li_ss_tl,21.99,0,"01/04/22, 21:03:39"
B09D3XKKLN,"Sorbus 12 Drawer Kids Dresser Organizer, Large Kids Bedroom Organization, Clothes Storage for Kids Teens Boys & Girls, Tall Closet Organizer, for Playroom, Fabric Bins - Wood Handle","Update your child’s room with the Sorbus 12-Drawer Dresser! This colorful dresser chest features a tabletop surface and pull-out drawers to tuck away household clutter. Place all of your child’s folded t-shirts, jeans, and pajamas, or extra blankets and toys within the spacious fabric drawers. For display, the top surface can be used for lamps, books, clocks, and more. The playful color makes this furniture storage charming for any nursery, playroom, or bedroom. It is lightweight for easy transport and when not in use, simply fold the fabric drawers flat for storage. Complete the look with any style from the Sorbus Furniture Collection. Great addition to any room. Bring on the toys, books, and blankets! Display this charming dresser in the kid’s bedroom filled with linens and clothes or play area complete with coloring books, Legos, plushies, and dolls! The soft lightweight fabric makes it easy for kids to pull out their favorite toys for play dates or easily put them away. In the nursery, this chest brightens up your little one’s sleeping space for stylish baby storage! With kids and teens in mind, it complements pastel rainbow décor, unicorn themes, and trendy ombré colors for a fun look. About the design. This unique storage solution is easy to set-up with minimal assembly required. Hardware and instructions INCLUDED. Each drawer is made of polyester fabric for soft-closing storage, complete with a cardboard base insert and front pull handle. Frame made of steel iron. Tabletop surface made of MDF wood top with smooth finish. Wipe clean. Suits most home décor. Available in different styles and color options. Supports up to 65 lbs. Measures approximately 46.5” L x 11.75” W x 48.75” H.12-DRAWER DRESSER (PURPLE) — Style meets function with our dresser chest complete with a wood surface and fabric drawers — Pairs beautifully with stylish matching colors in the Sorbus Furniture Collection MULTI-PURPOSE— Wood top provides hard surface for displaying books, lamps, alarm clocks, electronics, and more — Drawers great for storing baby and kid clothes, blankets, linens, toys, plushies, accessories, knitting supplies, and household clutter STYLISH & KID-FRIENDLY — Stunning bright colors to match your kids room — Suitable for nursery, playroom, kids’, tween, teens bedroom, guest room, closet, hallway, college dorm, small apartment solutions, etc — Versatile as dressers for bedroom, storage cube dresser, small closet dresser, storage chest, living room dresser, sofa end tables, office supply storage, kids nightstand, or baby nursery table FOLDABLE DRAWERS — Soft fabric drawers fold flat for easy storage when not in use — Pull handle for opening and closing — Entire unit is portable, lightweight, and easy to relocate to different spaces EXTRA LARGE DESIGN — Made with a strong steel frame — Durable MDF wood top with smooth finish — Water-resistant fabric drawers made of non-woven (polyester) material — Cardboard base insert for drawers — Wipe clean — Minimal assembly required — Hardware and instructions INCLUDED — Supports up to 65 lbs — Measures approximately 46.5” L x 11.75” W x 48.75” H",https://www.amazon.com/Sorbus-Dresser-Organizer-Organization-Playroom/dp/B09D3XKKLN?crid=2M4J0S479JUJC&keywords=kids%2Borganization%2Band%2Bstorage%2Bbedroom&qid=1648846983&sprefix=kids%2Borganization%2Caps%2C173&sr=8-19&th=1&linkCode=ll1&tag=lisaschoice0e-20&linkId=a5097f26d375adedaf61b0967a2af06d&language=en_US&ref_=as_li_ss_tl,124.99,0,"01/04/22, 21:04:06"
B0731HQ4ZL,"Sorbus Storage Ottoman Bench – Collapsible/Folding Bench Chest with Cover – Perfect Toy and Shoe Chest, Hope Chest, Pouffe Ottoman, Seat, Foot Rest, – Contemporary Faux Suede (Gray)","Ideal accent piece and storage item for any room in your home or office! The Sorbus Suede Storage Bench Chest is an attractive, functional, and sturdy accent piece and storage compartment. Finely crafted with superior faux suede this multi-purpose furniture piece features cushioned padding for seating, meticulous top stitching, and classic button-tufting details. The standout design blends well with other furniture and interior décor motifs. No more plastic storage bins and unattractive boxes, convert your space into a decorative and functional oasis! Clear the Clutter! Transform a college dorm, small apartment, family room, play area, walk-in-closet, and much more! Accommodate small spaces such as dorms and small apartments with limited storage. For families on- the-go, add to a mud-room or foyer to keep your home entry clutter-free. In the family room, store small pillows, blankets, and magazines inside the ottoman. Use as a coffee table, pouf ottoman in front of a sofa, or on either side of an L shaped couch. Double as a footstool to keep your legs elevated while relaxing, watching television, or using a laptop. Don’t forget the kid`s room! Replace the traditional toy box with this attractive ottoman to stow away unsightly toys, costumes, and books. Create a cozy a walk in closet and add seating while trying on clothes, shoes, etc. This storage bench can also act as a hope chest to collect clothing and/or household linens in any bedroom or guestroom. Place under the window to create a sitting area for yourself, pet, or guests. Functional and appealing design that is easy to assemble. This faux-suede storage bench has a remarkably sturdy design that is lightweight until you pack it with your items of choice. Assembly is quick, easy, and no tools are required. To use, simply lift the lid on the storage bench to stow away or retrieve items. Measures approximately 43” L x 15” W x 15” H.LARGE SUEDE STORAGE BENCH (GRAY) — Add storage and seating with a beautiful rectangular shaped folding bench, perfect for storing a variety of items— Tuck away linens, toys, games, books, blankets, accessories, and more to maximize your space with contemporary style REDUCE CLUTTER — Conceal and de-clutter your possessions — Effortlessly organize after a quick clean-up session with a convenient compartment to store belongings with the lid cover FOLDABLE & LIGHTWEIGHT — Quickly unfold for easy assembly and collapse flat to pack away when not in use — Transport from room to room with a lightweight design for easy handling — Ottoman has a weight capacity of 370 lbs, allowing it to be used by almost anyone PERFECT FOR HOME , OFFICE, DORM — Perfect addition to any home, office, college dorm, small apartment, guest room, walk-in-closet, playroom, den, etc — Use as a Hope Chest, Pouffe Ottoman, Coffee Table, Seat, Foot Rest, and more CLASSIC DESIGN — Sleek rectangular design complements your existing decor — Features finely crafted faux suede upholstery with cushioned padding — Finished with meticulous top stitching and button-tufting details — Large Suede Measures approximately 43” L x 15” W x 15” H",https://www.amazon.com/Sorbus-Storage-Ottoman-Bench-Contemporary/dp/B0731HQ4ZL?crid=2M4J0S479JUJC&keywords=kids%2Borganization%2Band%2Bstorage%2Bbedroom&qid=1648846983&sprefix=kids%2Borganization%2Caps%2C173&sr=8-25&th=1&linkCode=ll1&tag=lisaschoice0e-20&linkId=d49bb9106c82a1b252ca937e3b618f53&language=en_US&ref_=as_li_ss_tl,55.99,0,"01/04/22, 21:04:32"
B07DP8J2BC,"2 PK - Simplehouseware Stuffed Animal Jumbo Toy Storage Hammock","Parents' easy storage solution. Stuffed animals within sight, making it easy to choose which ones will come out to play. Easy to store again, encouraging kids to help with the clean-up. Elastic binding secures toys so they don’t fall out once in.Great For Organize stuffed animals and other children’s toys. Complements any décor in any room of the house. Free up floor space and keep your kids toy and stuffed animals within sight. Easy to attach to any wall with the hook hardware included. Depending on the size of the items, Jumbo Size 53""X38""x38"" can fit stuffed animals 30 piece or more.",https://www.amazon.com/PK-Simplehouseware-Stuffed-Storage-Hammock/dp/B07DP8J2BC?crid=2M4J0S479JUJC&keywords=kids%2Borganization%2Band%2Bstorage%2Bbedroom&qid=1648846983&sprefix=kids%2Borganization%2Caps%2C173&sr=8-27&th=1&linkCode=ll1&tag=lisaschoice0e-20&linkId=a664f6b97cfe04bbeca6bf1eacc611bc&language=en_US&ref_=as_li_ss_tl,13.87,0,"01/04/22, 21:04:57"
B074PXT98D,"Delta Children Nursery Storage 48 Piece Set - Easy Storage/Organization Solution - Keeps Bedroom, Nursery & Closet Clean, Barely Pink","Kick closet clutter to the curb with this 48-Piece Nursery Storage Set from Delta Children. Featuring everything you need to bring order to your baby's space, this set boasts 30 velvet hangers, 12 closest dividers, three small bins, two large bins with lids, plus a six-shelf hanging organizer. Each item is designed specifically for kid-sized stuff with a durable construction that can handle heavy use.30 slim design, flocked velvet hangers 12 closest dividers that allow you to divide clothes by size or color 3 small printed bins 2 large printed bins with lids 1 six-shelf hanging organizer Spot clean bins & hanging organizer with mild soap and water Dimensions: Hanging organizer: 6""L x 10""D x 39.37""H; Three storage bins: 6""L x 10""D x 6.5""H; Two storage bins with lids: 10""L x 10""D x 10""H; Hangers: 11""L x 20""D x 6.7""H; Closet dividers: 3.5""D",https://www.amazon.com/Delta-Children-Nursery-Storage-Barely/dp/B074PXT98D?crid=2M4J0S479JUJC&keywords=kids+organization+and+storage+bedroom&qid=1648847117&sprefix=kids+organization%2Caps%2C173&sr=8-60&linkCode=ll1&tag=lisaschoice0e-20&linkId=0696b759f48c503c51f08372c5a54651&language=en_US&ref_=as_li_ss_tl,39.99,0,"01/04/22, 21:06:20"
B076Z4FTPH,"Goldenvalueable Hanging Mesh Space Saver Bags Organizer 3 Compartments Toy Storage Basket for Kids Room organization mesh hanging bag 2 Pcs Set, Pink and Purple","Package included: 2PCS 3 Tier Hanging Mesh Storage Closet Toys Organizer New Hanging Mesh Storage, Hitting targets makes tidying-up and sorting more fun. Suspended with touch-and-close fastening which opens if the child trys to climb the net. Specification: Material: 100 % polyester Size: 30.4""(Length) x 11.3""(Diameter) Color: pink and purple Fitness: Suitable for use in the hall, the bathroom etc. Care Instructions: Hand wash warm,104°F (40°C). No bleach, no tumble dry, no iron, and no dry clean.Size: 30.4""(Length) x 11.3""(Diameter); Color: pink and purple Assembly: Attaches to any rod using a strong fastener, no need for any special assembly. Good Stitches, with Stronger coils of wires, not easily deformed,more durable,waterproof and easy to clean Upper and lower layers are mesh grid,Easy to see what's inside through the net, the middle layer is non-transparent, could store some privacy items Works well for stuffed animal storage, kids room storage deco, private items, small accessories...etc",https://www.amazon.com/Goldenvalueable-Hanging-Organizer-Compartments-organization/dp/B076Z4FTPH?crid=2M4J0S479JUJC&keywords=kids+organization+and+storage+bedroom&qid=1648847210&sprefix=kids+organization%2Caps%2C173&sr=8-108&linkCode=ll1&tag=lisaschoice0e-20&linkId=3b946d5878dd30542be9eed07777b7fb&language=en_US&ref_=as_li_ss_tl,11.99,0,"01/04/22, 21:08:00"
B078HH4619,"Little Seeds Grow with me Closet, White","Our Little Seeds Grow with Me Closest is inspired by a traditional storage style to seamlessly blend in with any of the Little Seeds collections. Made of laminated particleboard, the beautiful white woodgrain finish brings a subtle brightness to your child’s closest with the added bonus of organization.Declutter your child’s closet with the Little Seeds Grow with Me Closet and add much needed storage to your child’s room The non-toxic, white woodgrain finish on the laminated particleboard can be incorporated into any existing style and décor The Closet features adjustable clothes poles and lower shoe rack that can be attached on either side of the organizer to be sure this piece will fit perfectly in your child’s closet. The 3 open shelves (1 adjustable) and 4 open cubbies are ideal for jeans, pajamas, and even toys. Cubbies fit Little Seeds fabric bins to customize the look of the closet (bins sold separately). Drawer can hold seasonal gloves and scarves and feature durable metal drawer slides with built in safety stops Complete your child’s room with other items from Little Seeds (sold separately) The Grow with Me Closet ships flat to your door and 2 adults are recommended to assemble. Clothing rods will support up to 50 lbs. Upper shelves and shoe rack will each hold 40 lbs. Cubbies hold 20 lbs. each. Drawer will hold up to 10 lbs. Assembled dimensions: 76.62”H x 68.69-95.44”W x 15.69”D",https://www.amazon.com/Little-Seeds-Grow-Closet-White/dp/B078HH4619?crid=3MEXT4821XZO1&keywords=kids%2Bcloset%2Borganization&qid=1648847306&sprefix=kids%2Bcloset%2Borganization%2Caps%2C395&sr=8-2-spons&spLa=ZW5jcnlwdGVkUXVhbGlmaWVyPUEzSlAwVUUyQVhLTEIxJmVuY3J5cHRlZElkPUEwOTY3NDEyMkY3M0ZTTlU5NE9WWCZlbmNyeXB0ZWRBZElkPUEwMTEwMTU4MzkzUkhMNTY2QVM2QyZ3aWRnZXROYW1lPXNwX2F0ZiZhY3Rpb249Y2xpY2tSZWRpcmVjdCZkb05vdExvZ0NsaWNrPXRydWU&th=1&linkCode=ll1&tag=lisaschoice0e-20&linkId=84d025df422891be0e20388063a7fd1,197.99,0,"01/04/22, 21:09:38"
B086JZ6LTK,"MISSLO Kids Shoe Organizer Pink Room Decor for Bedroom Door Hanging Baby Closet Storage over the Rack Breathable 24 Large Mesh Pockets for Toddler Girl","Dimension: 24 large pockets kids over the door shoe rack store up to 24 pairs of kids shoes or 12 pairs of shoes size 13 and without utilizing closet floor space, pockets: 5.4"" *7.8"", overall: 56 1/2""L x 22 1/3""W, Accessory: Comes with 4 sturdy metal hooks, fitted normal door between 1.37""-1.65""; Cute design: Multiple pockets are designed for small, easily lost items for child, girl, boy, pink also let the child's room create a warm and loving environment, a bedroom decor for girls; Durable material: Breathable non-woven fabric + Roomy mesh pockets, allow air flow for smelly shoes or wet items to dry; Convenient space saver: Applicable for many stuff, like toys, diapers, brush, cosmetics; applicable for any place, like babies nursery, bathroom, bedroom;",https://www.amazon.com/MISSLO-Organizer-Hanging-Storage-Breathable/dp/B086JZ6LTK?crid=M0RP8K67AADE&keywords=kids%2Bshoe%2Borganization&qid=1648847421&sprefix=kids%2Bshoe%2Borganization%2Caps%2C168&sr=8-12&th=1&linkCode=ll1&tag=lisaschoice0e-20&linkId=dfefffd20ec9a79e79548d2d908cad6e&language=en_US&ref_=as_li_ss_tl,14.99,0,"01/04/22, 21:11:05"
B087BQ5CR2,"Over The Door Shoes Organizer for 12 Pairs of Baby Shoes Boys Girl, Hanging Baby Shoe Organizer with Hanger(Polyester Material-Grey)","<b>Description : </b><p> PRODUCT SIZE: 81 X 36 cm / 31.88 x 14.17 in, weight: 420 g. </p><p> Instant closet organization, with no assembly required. </p><p> Warm note: NOT include any accessories. </p><br/><p></p><p><strong>Features</strong></p>
   <li><span class=""a-list-item""> Cute baby shoes boy girl shoes hanging organizer size: 81 x 36 cm / 31.88 x 14.17 inch. weight: 420 g.  </span></li>  <li><span class=""a-list-item""> Keep your baby's shoes organized and paired up: easy to use, 24 pvc clear pockets design to hold 6-12 months toddlers shoes size12 pairs of shoes, come with an anti-rust metal hanger can be hanged the door or wall, quickly grab what you need.  </span></li>  <li><span class=""a-list-item""> Long-lasting: great double stitching work and is made from premium quality thicker polyester fabric or great felt material, 2 different material for you chooses, and clear pvc pocket. Easily view and protect different 6-12 months toddlers shoes size, has a long lifetime, saving space and keeping your house organized.  </span></li>  <li><span class=""a-list-item""> Humanized design: the 24 pvc pockets are simple to dust-proof, easier to clean and stronger.  </span></li>  <li><span class=""a-list-item""> A Best Gift for Baby: The baby shoes boy girl shoes hanging holder is perfect gift for Birthdays, Baby Gifts, Baby Shower, Christmas, Family Photography, Holiday.  </span></li>  </ul> <!--  Loading EDP related metadata -->
                         <span class=""caretnext""></span> <!--<a id=""seeMoreDetailsLink"" class=""a-link-normal"" href=""#productDetails"">See more product details</a>-->   <p><b>Specifications</b></p><p><ul><li><b> Item Weight </b>:
                ‎14.8 ounces </li><li><b> Package Dimensions </b>:
                ‎14.48 x 5.91 x 1.14 inches </li><li><b> Size </b>:
                ‎Large </li><li><b> Color </b>:
                ‎Polyester Material-Grey </li></ul></p>",https://www.amazon.com/PACMAXI-Organizer-Hanging-Anti-Rust-Hanger/dp/B087BQ5CR2?crid=M0RP8K67AADE&keywords=kids%2Bshoe%2Borganization&qid=1648847386&sprefix=kids%2Bshoe%2Borganization%2Caps%2C168&sr=8-8&th=1&linkCode=ll1&tag=lisaschoice0e-20&linkId=8b93ba00d07f91231b53d2e123acce21&language=en_US&ref_=as_li_ss_tl,184918.49,0,"01/04/22, 21:11:11"
B07PM68J1Z,"Set of 3 White Nursery Room Shelves - Solid Wood Ideal for Books, Toys and Decor (Classic White)","✅ STYLE AND FUNCTIONALITY – This set of 3 shelves is a perfect home décor piece that adds style and storage functionality together in a simple, easy to install solution! ✅ GREAT CONSTRUCTION - thanks to its simple wood structure you can use these shelves to organize your children’s favorite books and toys with style next to their bed! ✅ VERSATILE AND MULTIFUNCTIONAL SHELF – With these shelves there’s no limit to creativity! Place them in the bathroom, in the kitchen, or in the bedroom. They’re going to fit any space and any style thanks to their essential design and to their plain white color. ✅ SET OF 3 – what you’ll get is not just 1 but 3 shelves! This way you can exploit the versatility of these shelves and use them in different situations in your house! ✅ SUPER EASY TO INSTALL – This multipurpose shelf set is easy and simple for you to install on your own. You don’t need to hire a professional carpenter to mount your shelves. Basic wall mounting screws and anchors are already included in this set.",https://www.amazon.com/NATURE-SUPPLIES-White-Nursery-Shelves/dp/B07PM68J1Z?crid=22M5G911VA9B9&keywords=kids%2Bbookshelves&qid=1648847494&sprefix=kids%2Bbookshelve%2Caps%2C169&sr=8-1-spons&spLa=ZW5jcnlwdGVkUXVhbGlmaWVyPUFVRlJHRTlMRzVLRkkmZW5jcnlwdGVkSWQ9QTAwMjQzMDE0MFhRS1c0WVc4NVomZW5jcnlwdGVkQWRJZD1BMDQ3NTM1OTJGRENWV0dTUks1U0Imd2lkZ2V0TmFtZT1zcF9hdGYmYWN0aW9uPWNsaWNrUmVkaXJlY3QmZG9Ob3RMb2dDbGljaz10cnVl&th=1&linkCode=ll1&tag=lisaschoice0e-20&linkId=3777a654743e1f897771a5517121339b&language=en_US&,39.97,0,"01/04/22, 21:12:46"
B07FX895WP,"Hosmat 9-Cube DIY Children's Bookcase 30 inch Adjustable Bookshelf Organizer Shelves Unit, Folding Storage Shelves Unit (Blue_9 Cubes)","This Hosmat 9-Cubes Bookcase is good looking as much is functional! The Storage Unit has become the center of attraction in many homes, offices and even. It has many areas of application mainly because of its DIY function. Product Specifications: Brand: Hosmat Type: Home organizer 3 Colors: Pink, Blue, Gray Barrier material: Waterproof Non-woven Pipe Material: PP, Metal Shape: Rectangle Bookcase height: 124cm/48.4'' Per shelf size: 40.5 x 30 x 28cm/15.8 x 11.7 x 10.9''( L X H X W) Function: Storage books, shoes, clothes, ect. Occasion: Home kitchen, Living room Package Content: 12 x large Panels - Placed sideways 48 x long Plastic pipes - Placed sideways 13 x small Panels - Placed endways 26 x short Plastic pipes - Placed endways 7 x Plastic connectors - for inside (with 4 ports) 10 x Plastic connectors - for outside(with 2 ports )[ Multi-Purpose Cube Closet ] - 9 Cubes in Total Keep Your Shoes, Clothes, Stuffed Animals, Books or Crafts Organized; Nice for Closet Room, Kid’s Room, Study Room, Entryway as well as Office [ Strong Storage Ability ] - Each Storage Cube Measures 15 x 12 x 11''( L x H x W ), Provides Large Storage Capacity and Holds up to 10lbs, Which could be used for book displaying, shoes storage, toys collection, small green plant and other decorations etc, satisfying your daily storage needs [ Excellent Stability ] - Constructed Of Durable ABS Connector and High Quality PP Panel - Stable, eco-friendly and odorless, Durable Steel Pipes for Added Stability [ Easy To Assemble ] - The bookcase closet can easy installation, Very simple structure, parts are easy to classify, and tool-free assembly, and be repeated disassembly use, eco-friendly PP material, can be cleaned with water directly [ Fun of DIY ] - Modular Shape with Simple Structure Allows You to Create Storage Closet in a Variety of Shapes to Fit in Your Personal Taste, as Interesting as Building a Mini-House",https://www.amazon.com/Hosmat-Childrens-Adjustable-Bookshelf-Organizer/dp/B07FX895WP?crid=22M5G911VA9B9&keywords=kids+bookshelves&qid=1648847523&sprefix=kids+bookshelve%2Caps%2C169&sr=8-28&linkCode=ll1&tag=lisaschoice0e-20&linkId=9d607d74100149053a03c508ebcecdb7&language=en_US&ref_=as_li_ss_tl,44.99,0,"01/04/22, 21:13:12"
